ID,gamm_id,inf_status,trial,gam_id,init_boat,init_wetboat,init_wetweight,final_boat,final_wetboat,final_dry,wet_day,dry_day,inf_no,temp,final_wetweight,final_dryweight,percent_water,weight_change,change_percent
1,I5,I,michelle,MI5,0.3558,0.396,0.0402,0.2439,0.2982,0.2473,15-Jul-16,02-Aug-16,6,3,0.0543,0.0034,93.73848987,0.0141,35.07462687
2,I123,I,michelle,MI123,0.3557,0.3962,0.0405,0.2483,0.2676,0.254,27-Jul-16,02-Aug-16,,18,0.0193,0.0057,70.46632124,-0.0212,-52.34567901
3,I16,I,michelle,MI16,0.3555,0.403,0.0475,0.2538,0.2916,0.259,27-Jul-16,02-Aug-16,,18,0.0378,0.0052,86.24338624,-0.0097,-20.42105263
4,U72,U,michelle,MU72,0.3577,0.3818,0.0241,0.2685,0.2866,0.2712,27-Jul-16,02-Aug-16,,18,0.0181,0.0027,85.08287293,-0.006,-24.89626556
5,I122,I,michelle,MI122,0.3557,0.402,0.0463,0.2699,0.2882,0.2742,27-Jul-16,02-Aug-16,,18,0.0183,0.0043,76.50273224,-0.028,-60.47516199
6,U115,U,michelle,MU115,0.3561,0.379,0.0229,0.2739,0.2764,0.2764,27-Jul-16,02-Aug-16,,18,0.0025,0.0025,0,-0.0204,-89.08296943
7,I40,I,michelle,MI40,0.3513,0.369,0.0177,0.2792,0.3013,0.2818,06-Aug-16,09-Aug-16,,,0.0221,0.0026,88.23529412,0.0044,24.85875706
8,I19,I,michelle,MI19,0.3556,0.4055,0.0499,0.2872,0.3241,0.2926,27-Jul-16,02-Aug-16,,18,0.0369,0.0054,85.36585366,-0.013,-26.05210421
9,U33,U,michelle,MU33,0.3557,0.3797,0.024,0.2876,0.3109,0.2916,06-Aug-16,09-Aug-16,,,0.0233,0.004,82.83261803,-0.0007,-2.916666667
10,I41,I,michelle,MI41,0.3519,0.3825,0.0306,0.2896,0.3267,0.2938,15-Jul-16,02-Aug-16,2,3,0.0371,0.0042,88.67924528,0.0065,21.24183007
11,I9,I,michelle,MI9,0.3558,0.3784,0.0226,0.2912,0.309,0.2948,06-Aug-16,09-Aug-16,,,0.0178,0.0036,79.7752809,-0.0048,-21.23893805
12,U1,U,michelle,MU1,0.3558,0.4303,0.0745,0.2921,0.3782,0.3037,15-Jul-16,02-Aug-16,,3,0.0861,0.0116,86.52729384,0.0116,15.5704698
13,I15,I,michelle,MI15,0.3557,0.4003,0.0446,0.2942,0.3431,0.3023,06-Aug-16,09-Aug-16,,,0.0489,0.0081,83.43558282,0.0043,9.641255605
14,I115,I,michelle,MI115,0.3553,0.3989,0.0436,0.2962,0.3441,0.3029,06-Aug-16,09-Aug-16,,,0.0479,0.0067,86.0125261,0.0043,9.862385321
15,I6,I,michelle,MI6,0.3556,0.403,0.0474,0.2994,0.3712,0.3056,19-Jul-16,,,3,0.0718,0.0062,91.36490251,0.0244,51.47679325
16,I92,I,michelle,MI92,0.3555,0.3699,0.0144,0.3027,0.3099,0.3044,27-Jul-16,02-Aug-16,,18,0.0072,0.0017,76.38888889,-0.0072,-50
17,I73,I,michelle,MI73,0.3561,0.4,0.0439,0.3043,0.3505,0.3086,19-Jul-16,,,3,0.0462,0.0043,90.69264069,0.0023,5.239179954
18,I54,I,michelle,MI54,0.3538,0.3671,0.0133,0.3047,0.3061,0.3056,27-Jul-16,02-Aug-16,,18,0.0014,0.0009,35.71428571,-0.0119,-89.47368421
19,U113,U,michelle,MU113,0.356,0.3827,0.0267,0.3079,0.3315,0.311,19-Jul-16,,,3,0.0236,0.0031,86.86440678,-0.0031,-11.61048689
20,U84,U,michelle,MU84,0.3558,0.3948,0.039,0.3081,0.3643,0.31,27-Jul-16,02-Aug-16,,18,0.0562,0.0019,96.61921708,0.0172,44.1025641
21,I28,I,michelle,MI28,0.3561,0.3771,0.021,0.31,0.3326,0.3124,15-Jul-16,02-Aug-16,2,3,0.0226,0.0024,89.38053097,0.0016,7.619047619
22,I38,I,michelle,MI38,0.3536,0.3678,0.0142,0.3116,0.3377,0.3135,15-Jul-16,02-Aug-16,2,3,0.0261,0.0019,92.72030651,0.0119,83.8028169
23,I25,I,michelle,MI25,0.357,0.3761,0.0191,0.3129,0.3294,0.3147,19-Jul-16,,,3,0.0165,0.0018,89.09090909,-0.0026,-13.61256545
24,I61,I,michelle,MI61,0.3526,0.3835,0.0309,0.315,0.3248,0.319,27-Jul-16,02-Aug-16,,18,0.0098,0.004,59.18367347,-0.0211,-68.28478964
25,U37,U,michelle,MU37,0.3558,0.424,0.0682,0.3151,0.3933,0.3235,06-Aug-16,09-Aug-16,,,0.0782,0.0084,89.25831202,0.01,14.6627566
26,I23,I,michelle,MI23,0.356,0.3757,0.0197,0.3162,0.3233,0.3186,27-Jul-16,02-Aug-16,,18,0.0071,0.0024,66.1971831,-0.0126,-63.95939086
27,I117,I,michelle,MI117,0.3565,0.3858,0.0293,0.3175,0.3204,0.3197,27-Jul-16,02-Aug-16,,18,0.0029,0.0022,24.13793103,-0.0264,-90.10238908
28,U47,U,michelle,MU47,0.3558,0.3665,0.0107,0.3176,0.3258,0.3188,27-Jul-16,02-Aug-16,,18,0.0082,0.0012,85.36585366,-0.0025,-23.36448598
29,U39,U,michelle,MU39,0.3563,0.4201,0.0638,0.3182,0.3803,0.3269,27-Jul-16,02-Aug-16,,18,0.0621,0.0087,85.99033816,-0.0017,-2.664576803
30,I2,I,michelle,MI2,0.3555,0.3727,0.0172,0.3188,0.3243,0.3208,27-Jul-16,02-Aug-16,,18,0.0055,0.002,63.63636364,-0.0117,-68.02325581
31,U106,U,michelle,MU106,0.3556,0.3856,0.03,0.3189,0.3376,0.323,06-Aug-16,09-Aug-16,,,0.0187,0.0041,78.07486631,-0.0113,-37.66666667
32,I56,I,michelle,MI56,0.3554,0.38,0.0246,0.3202,,,27-Jul-16,02-Aug-16,,18,-0.3202,-0.3202,0,-0.3448,-1401.626016
33,U53,U,michelle,MU53,0.3558,0.364,0.0082,0.3206,0.3236,0.3214,27-Jul-16,02-Aug-16,,18,0.003,0.0008,73.33333333,-0.0052,-63.41463415
34,U65,U,michelle,MU65,0.3559,0.4274,0.0715,0.3206,0.3804,0.3295,06-Aug-16,09-Aug-16,,,0.0598,0.0089,85.11705686,-0.0117,-16.36363636
35,I101,I,michelle,MI101,0.3558,0.3638,0.008,0.3212,0.3302,0.3224,06-Aug-16,09-Aug-16,,,0.009,0.0012,86.66666667,0.001,12.5
36,U95,U,michelle,MU95,0.361,0.3949,0.0339,0.3215,0.3461,0.3244,27-Jul-16,02-Aug-16,,18,0.0246,0.0029,88.21138211,-0.0093,-27.43362832
37,U43,U,michelle,MU43,0.356,0.3868,0.0308,0.3217,0.3411,0.3265,06-Aug-16,09-Aug-16,,,0.0194,0.0048,75.25773196,-0.0114,-37.01298701
38,I4,I,michelle,MI4,0.3558,0.3867,0.0309,0.3252,0.326,0.3257,27-Jul-16,02-Aug-16,,18,0.0008,0.0005,37.5,-0.0301,-97.41100324
39,I47,I,michelle,MI47,0.3555,0.3837,0.0282,0.3254,0.3276,0.327,27-Jul-16,02-Aug-16,,18,0.0022,0.0016,27.27272727,-0.026,-92.19858156
40,I106,I,michelle,MI106,0.3552,0.4063,0.0511,0.3256,0.3942,0.3317,,,,,0.0686,0.0061,91.10787172,0.0175,34.24657534
41,I79,I,michelle,MI79,0.3597,0.4054,0.0457,0.3265,0.3628,0.3299,27-Jul-16,02-Aug-16,,18,0.0363,0.0034,90.63360882,-0.0094,-20.56892779
42,I91,I,michelle,MI91,0.3555,0.3692,0.0137,0.3272,0.3468,0.3288,19-Jul-16,,,3,0.0196,0.0016,91.83673469,0.0059,43.06569343
43,I27,I,michelle,MI27,0.3559,0.3789,0.023,0.3273,0.3353,0.3296,27-Jul-16,02-Aug-16,,18,0.008,0.0023,71.25,-0.015,-65.2173913
44,U123,U,michelle,MU123,0.3556,0.375,0.0194,0.3275,0.3488,0.331,06-Aug-16,09-Aug-16,,,0.0213,0.0035,83.56807512,0.0019,9.793814433
45,I71,I,michelle,MI71,0.3561,0.3869,0.0308,0.3285,0.3547,0.3318,27-Jul-16,02-Aug-16,,18,0.0262,0.0033,87.40458015,-0.0046,-14.93506494
46,I13,I,michelle,MI13,0.3561,0.4039,0.0478,0.3287,0.3358,0.3315,27-Jul-16,02-Aug-16,,18,0.0071,0.0028,60.56338028,-0.0407,-85.14644351
47,U51,U,michelle,MU51,0.3559,0.3681,0.0122,0.3288,0.3377,0.3307,06-Aug-16,09-Aug-16,,,0.0089,0.0019,78.65168539,-0.0033,-27.04918033
48,I20,I,michelle,MI20,0.3556,0.401,0.0454,0.3293,0.3532,0.3307,27-Jul-16,02-Aug-16,,18,0.0239,0.0014,94.14225941,-0.0215,-47.35682819
49,I29,I,michelle,MI29,0.3565,0.394,0.0375,0.3305,0.3392,0.3329,27-Jul-16,02-Aug-16,,18,0.0087,0.0024,72.4137931,-0.0288,-76.8
50,U78,U,michelle,MU78,0.3569,0.3824,0.0255,0.3307,0.3525,0.3336,06-Aug-16,09-Aug-16,,,0.0218,0.0029,86.69724771,-0.0037,-14.50980392
51,U31,U,michelle,MU31,0.3557,0.3745,0.0188,0.3312,0.3509,0.3343,19-Jul-16,,,3,0.0197,0.0031,84.26395939,0.0009,4.787234043
52,I83,I,michelle,MI83,0.3569,0.3755,0.0186,0.3328,0.3359,0.3338,27-Jul-16,02-Aug-16,,18,0.0031,0.001,67.74193548,-0.0155,-83.33333333
53,I105,I,michelle,MI105,0.3553,0.4206,0.0653,0.3329,0.3953,0.3466,06-Aug-16,09-Aug-16,0,,0.0624,0.0137,78.04487179,-0.0029,-4.441041348
54,I42,I,michelle,MI42,0.3519,0.3925,0.0406,0.3334,0.368,0.3586,06-Aug-16,09-Aug-16,,,0.0346,0.0252,27.16763006,-0.006,-14.77832512
55,U7,U,michelle,MU7,0.3557,0.3821,0.0264,0.3334,0.3823,0.3366,15-Jul-16,02-Aug-16,,3,0.0489,0.0032,93.45603272,0.0225,85.22727273
56,I46,I,michelle,MI46,0.3559,0.4151,0.0592,0.3351,0.3954,0.3396,15-Jul-16,02-Aug-16,1,3,0.0603,0.0045,92.53731343,0.0011,1.858108108
57,I66,I,michelle,MI66,0.356,0.3954,0.0394,0.3357,0.3567,0.3411,27-Jul-16,02-Aug-16,,18,0.021,0.0054,74.28571429,-0.0184,-46.70050761
58,I102,I,michelle,MI102,0.3556,0.3761,0.0205,0.3359,0.338,0.3371,27-Jul-16,02-Aug-16,,18,0.0021,0.0012,42.85714286,-0.0184,-89.75609756
59,I31,I,michelle,MI31,0.3573,0.4009,0.0436,0.3359,0.3428,0.3379,27-Jul-16,02-Aug-16,,18,0.0069,0.002,71.01449275,-0.0367,-84.17431193
60,U5,U,michelle,MU5,0.3556,0.3824,0.0268,0.3359,0.3562,0.3418,06-Aug-16,09-Aug-16,,,0.0203,0.0059,70.93596059,-0.0065,-24.25373134
61,I26,I,michelle,MI26,0.3564,0.3973,0.0409,0.336,0.3498,0.3384,27-Jul-16,02-Aug-16,,18,0.0138,0.0024,82.60869565,-0.0271,-66.2591687
62,I44,I,michelle,MI44,0.3525,0.3953,0.0428,0.3361,0.3734,0.3391,19-Jul-16,,,3,0.0373,0.003,91.95710456,-0.0055,-12.85046729
63,U94,U,michelle,MU94,0.3564,0.3865,0.0301,0.3361,0.355,0.3398,06-Aug-16,09-Aug-16,,,0.0189,0.0037,80.42328042,-0.0112,-37.20930233
64,U4,U,michelle,MU4,0.3553,0.3782,0.0229,0.3365,0.3633,0.3394,27-Jul-16,02-Aug-16,,18,0.0268,0.0029,89.17910448,0.0039,17.03056769
65,I97,I,michelle,MI97,0.3558,0.365,0.0092,0.3369,0.3383,0.3379,27-Jul-16,02-Aug-16,,18,0.0014,0.001,28.57142857,-0.0078,-84.7826087
66,U101,U,michelle,MU101,0.3566,0.42,0.0634,0.3372,0.3946,0.35,06-Aug-16,09-Aug-16,,,0.0574,0.0128,77.70034843,-0.006,-9.463722397
67,I48,I,michelle,MI48,0.3587,0.4249,0.0662,0.3373,0.3926,0.3496,06-Aug-16,09-Aug-16,,,0.0553,0.0123,77.75768535,-0.0109,-16.4652568
68,I53,I,michelle,MI53,0.3538,0.3731,0.0193,0.3376,0.3492,0.3385,15-Jul-16,02-Aug-16,1,3,0.0116,0.0009,92.24137931,-0.0077,-39.89637306
69,U18,U,michelle,MU18,0.3555,0.38,0.0245,0.3376,0.3502,0.3399,06-Aug-16,09-Aug-16,,,0.0126,0.0023,81.74603175,-0.0119,-48.57142857
70,I1,I,michelle,MI1,0.3359,0.3828,0.0469,0.3377,0.3677,0.3409,27-Jul-16,02-Aug-16,,18,0.03,0.0032,89.33333333,-0.0169,-36.03411514
71,I114,I,michelle,MI114,0.3558,0.3917,0.0359,0.3377,0.3506,0.3425,27-Jul-16,02-Aug-16,,18,0.0129,0.0048,62.79069767,-0.023,-64.06685237
72,U10,U,michelle,MU10,0.3553,0.3771,0.0218,0.3379,0.3766,0.3411,19-Jul-16,,,3,0.0387,0.0032,91.73126615,0.0169,77.52293578
73,U124,U,michelle,MU124,0.3557,0.423,0.0673,0.3379,0.4002,0.3455,27-Jul-16,02-Aug-16,,18,0.0623,0.0076,87.80096308,-0.005,-7.429420505
74,U44,U,michelle,MU44,0.3562,0.38,0.0238,0.3388,0.3568,0.3437,06-Aug-16,09-Aug-16,,,0.018,0.0049,72.77777778,-0.0058,-24.3697479
75,I10,I,michelle,MI10,0.356,0.3859,0.0299,0.3389,0.357,0.341,27-Jul-16,02-Aug-16,,18,0.0181,0.0021,88.39779006,-0.0118,-39.46488294
76,I43,I,michelle,MI43,0.3526,0.3803,0.0277,0.339,0.3641,0.3413,19-Jul-16,,,3,0.0251,0.0023,90.83665339,-0.0026,-9.386281588
77,U23,U,michelle,MU23,0.3553,0.3743,0.019,0.339,0.357,0.3427,06-Aug-16,09-Aug-16,,,0.018,0.0037,79.44444444,-0.001,-5.263157895
78,I11,I,michelle,MI11,0.3558,0.3846,0.0288,0.3391,0.3618,0.3403,19-Jul-16,,,3,0.0227,0.0012,94.71365639,-0.0061,-21.18055556
79,I94,I,michelle,MI94,0.3555,0.3694,0.0139,0.3391,0.3545,0.3412,15-Jul-16,02-Aug-16,1,3,0.0154,0.0021,86.36363636,0.0015,10.79136691
80,I45,I,michelle,MI45,0.3536,0.4046,0.051,0.3397,0.3545,0.3443,27-Jul-16,02-Aug-16,,18,0.0148,0.0046,68.91891892,-0.0362,-70.98039216
81,I89,I,michelle,MI89,0.3556,0.3784,0.0228,0.3398,0.3417,0.3413,27-Jul-16,02-Aug-16,,18,0.0019,0.0015,21.05263158,-0.0209,-91.66666667
82,I65,I,michelle,MI65,0.3556,0.4025,0.0469,0.3399,0.3975,0.3468,15-Jul-16,02-Aug-16,3,3,0.0576,0.0069,88.02083333,0.0107,22.81449893
83,U2,U,michelle,MU2,0.3557,0.4107,0.055,0.3399,0.4102,0.3461,15-Jul-16,02-Aug-16,,3,0.0703,0.0062,91.18065434,0.0153,27.81818182
84,U76,U,michelle,MU76,0.3561,0.3819,0.0258,0.34,0.365,0.3442,06-Aug-16,09-Aug-16,,,0.025,0.0042,83.2,-0.0008,-3.100775194
85,U97,U,michelle,MU97,0.3559,0.3828,0.0269,0.3401,0.359,0.3438,06-Aug-16,09-Aug-16,,,0.0189,0.0037,80.42328042,-0.008,-29.73977695
86,I116,I,michelle,MI116,0.3554,0.4315,0.0761,0.3412,0.4242,0.354,06-Aug-16,09-Aug-16,0,,0.083,0.0128,84.57831325,0.0069,9.067017083
87,I87,I,michelle,MI87,0.3554,0.3874,0.032,0.3413,0.3532,0.3462,27-Jul-16,02-Aug-16,,18,0.0119,0.0049,58.82352941,-0.0201,-62.8125
88,I107,I,michelle,MI107,0.355,0.41,0.055,0.3416,0.3794,0.3441,19-Jul-16,,,3,0.0378,0.0025,93.38624339,-0.0172,-31.27272727
89,I68,I,michelle,MI68,0.3557,0.4021,0.0464,0.3416,0.3525,0.3441,27-Jul-16,02-Aug-16,,18,0.0109,0.0025,77.06422018,-0.0355,-76.50862069
90,U86,U,michelle,MU86,0.3561,0.4334,0.0773,0.3416,0.4504,0.3471,27-Jul-16,02-Aug-16,,18,0.1088,0.0055,94.94485294,0.0315,40.75032342
91,U26,U,michelle,MU26,0.3554,0.3831,0.0277,0.3417,0.3658,0.3459,06-Aug-16,09-Aug-16,,,0.0241,0.0042,82.57261411,-0.0036,-12.99638989
92,U30,U,michelle,MU30,0.3552,0.3747,0.0195,0.3419,0.3605,0.3464,06-Aug-16,09-Aug-16,,,0.0186,0.0045,75.80645161,-0.0009,-4.615384615
93,I60,I,michelle,MI60,0.3534,0.3871,0.0337,0.342,0.3627,0.3462,27-Jul-16,02-Aug-16,,18,0.0207,0.0042,79.71014493,-0.013,-38.57566766
94,U54,U,michelle,MU54,0.3576,0.3707,0.0131,0.342,0.3517,0.3428,27-Jul-16,02-Aug-16,,18,0.0097,0.0008,91.75257732,-0.0034,-25.95419847
95,I124,I,michelle,MI124,0.3555,0.3981,0.0426,0.3421,0.3985,0.3471,06-Aug-16,09-Aug-16,,,0.0564,0.005,91.13475177,0.0138,32.3943662
96,U75,U,michelle,MU75,0.3566,0.4154,0.0588,0.3421,0.3656,0.3445,15-Jul-16,02-Aug-16,,3,0.0235,0.0024,89.78723404,-0.0353,-60.03401361
97,I37,I,michelle,MI37,0.3542,0.4015,0.0473,0.3423,0.3604,0.3473,27-Jul-16,02-Aug-16,,18,0.0181,0.005,72.37569061,-0.0292,-61.73361522
98,U116,U,michelle,MU116,0.3576,0.3897,0.0321,0.3423,0.3668,0.3458,06-Aug-16,09-Aug-16,,,0.0245,0.0035,85.71428571,-0.0076,-23.67601246
99,I17,I,michelle,MI17,0.3557,0.3808,0.0251,0.3424,0.3501,0.3446,27-Jul-16,02-Aug-16,,18,0.0077,0.0022,71.42857143,-0.0174,-69.32270916
100,U29,U,michelle,MU29,0.3572,0.4096,0.0524,0.3424,0.3969,0.3515,19-Jul-16,,,3,0.0545,0.0091,83.30275229,0.0021,4.007633588
101,U11,U,michelle,MU11,0.3556,0.3744,0.0188,0.3426,0.3562,0.3456,06-Aug-16,09-Aug-16,,,0.0136,0.003,77.94117647,-0.0052,-27.65957447
102,I113,I,michelle,MI113,0.356,0.4284,0.0724,0.343,0.4395,0.3523,15-Jul-16,02-Aug-16,0,3,0.0965,0.0093,90.3626943,0.0241,33.28729282
103,U62,U,michelle,MU62,0.356,0.4233,0.0673,0.3434,0.3964,0.3514,19-Jul-16,,,3,0.053,0.008,84.90566038,-0.0143,-21.24814264
104,I109,I,michelle,MI109,0.3558,0.3952,0.0394,0.344,0.3862,0.3503,19-Jul-16,,,3,0.0422,0.0063,85.07109005,0.0028,7.106598985
105,U110,U,michelle,MU110,0.3568,0.3852,0.0284,0.3442,0.3631,0.3472,27-Jul-16,02-Aug-16,,18,0.0189,0.003,84.12698413,-0.0095,-33.45070423
106,I111,I,michelle,MI111,0.3551,0.4023,0.0472,0.3443,0.3776,0.347,15-Jul-16,02-Aug-16,1,3,0.0333,0.0027,91.89189189,-0.0139,-29.44915254
107,I21,I,michelle,MI21,0.3571,0.3947,0.0376,0.3445,0.3892,0.349,15-Jul-16,02-Aug-16,2,3,0.0447,0.0045,89.93288591,0.0071,18.88297872
108,I90,I,michelle,MI90,0.3555,0.3803,0.0248,0.3445,0.3732,0.3486,19-Jul-16,,,3,0.0287,0.0041,85.71428571,0.0039,15.72580645
109,I110,I,michelle,MI110,0.3556,0.4288,0.0732,0.345,0.4226,0.3576,06-Aug-16,09-Aug-16,0,,0.0776,0.0126,83.7628866,0.0044,6.010928962
110,U88,U,michelle,MU88,0.372,0.4066,0.0346,0.3454,0.3707,0.3517,06-Aug-16,09-Aug-16,,,0.0253,0.0063,75.09881423,-0.0093,-26.87861272
111,I103,I,michelle,MI103,0.3555,0.3662,0.0107,0.3461,0.3488,0.3467,,,,,0.0027,0.0006,77.77777778,-0.008,-74.76635514
112,U118,U,michelle,MU118,0.3558,0.4206,0.0648,0.3463,0.3617,0.3499,27-Jul-16,02-Aug-16,,18,0.0154,0.0036,76.62337662,-0.0494,-76.2345679
113,I18,I,michelle,MI18,0.356,0.378,0.022,0.3466,0.3572,0.3486,27-Jul-16,02-Aug-16,,18,0.0106,0.002,81.13207547,-0.0114,-51.81818182
114,I95,I,michelle,MI95,0.3555,0.3614,0.0059,0.3478,0.348,0.3479,27-Jul-16,02-Aug-16,,18,0.0002,1E-04,50,-0.0057,-96.61016949
115,I8,I,michelle,MI8,0.3561,0.3934,0.0373,0.3483,0.3963,0.3516,19-Jul-16,,,3,0.048,0.0033,93.125,0.0107,28.68632708
116,U13,U,michelle,MU13,0.3557,0.3741,0.0184,0.3493,0.3666,0.3509,19-Jul-16,,,3,0.0173,0.0016,90.75144509,-0.0011,-5.97826087
117,U50,U,michelle,MU50,0.356,0.3737,0.0177,0.3495,0.4281,0.3576,15-Jul-16,02-Aug-16,,3,0.0786,0.0081,89.69465649,0.0609,344.0677966
118,I24,I,michelle,MI24,0.3556,0.3763,0.0207,0.3496,0.3647,0.3512,19-Jul-16,,,3,0.0151,0.0016,89.40397351,-0.0056,-27.0531401
119,I96,I,michelle,MI96,0.3558,0.3655,0.0097,0.3498,0.3506,0.3504,27-Jul-16,02-Aug-16,,18,0.0008,0.0006,25,-0.0089,-91.75257732
120,U119,U,michelle,MU119,0.3555,0.4204,0.0649,0.3502,0.3874,0.3531,19-Jul-16,,,3,0.0372,0.0029,92.20430108,-0.0277,-42.68104777
121,U58,U,michelle,MU58,0.3563,0.3713,0.015,0.3508,0.3668,0.3522,27-Jul-16,02-Aug-16,,18,0.016,0.0014,91.25,0.001,6.666666667
122,I88,I,michelle,MI88,0.3554,0.3743,0.0189,0.351,0.3531,0.3529,27-Jul-16,02-Aug-16,,18,0.0021,0.0019,9.523809524,-0.0168,-88.88888889
123,U98,U,michelle,MU98,0.3562,0.3829,0.0267,0.3516,0.379,0.354,27-Jul-16,02-Aug-16,,18,0.0274,0.0024,91.24087591,0.0007,2.621722846
124,U100,U,michelle,MU100,0.3579,0.3861,0.0282,0.3519,0.4016,0.3536,27-Jul-16,02-Aug-16,,18,0.0497,0.0017,96.57947686,0.0215,76.24113475
125,I104,I,michelle,MI104,0.3557,0.4214,0.0657,0.3523,0.4136,0.3562,06-Aug-16,09-Aug-16,,,0.0613,0.0039,93.63784666,-0.0044,-6.697108067
126,I77,I,michelle,MI77,0.3598,0.4099,0.0501,0.3532,0.3968,0.3628,06-Aug-16,09-Aug-16,,,0.0436,0.0096,77.98165138,-0.0065,-12.9740519
127,U69,U,michelle,MU69,0.3559,0.3764,0.0205,0.3538,0.3798,0.356,19-Jul-16,,,3,0.026,0.0022,91.53846154,0.0055,26.82926829
128,U90,U,michelle,MU90,0.359,0.3974,0.0384,0.3539,0.3744,0.3573,27-Jul-16,02-Aug-16,,18,0.0205,0.0034,83.41463415,-0.0179,-46.61458333
129,U27,U,michelle,MU27,0.3554,0.4273,0.0719,0.3541,0.4241,0.3662,06-Aug-16,09-Aug-16,,,0.07,0.0121,82.71428571,-0.0019,-2.64255911
130,U79,U,michelle,MU79,0.3567,0.3868,0.0301,0.3543,0.3737,0.3589,06-Aug-16,09-Aug-16,,,0.0194,0.0046,76.28865979,-0.0107,-35.54817276
131,I30,I,michelle,MI30,0.356,0.4006,0.0446,0.355,0.3647,0.3582,27-Jul-16,02-Aug-16,,18,0.0097,0.0032,67.01030928,-0.0349,-78.25112108
132,U42,U,michelle,MU42,0.3559,0.3757,0.0198,0.3551,0.3686,0.34,06-Aug-16,09-Aug-16,,,0.0135,-0.0151,211.8518519,-0.0063,-31.81818182
133,I50,I,michelle,MI50,0.3512,0.3895,0.0383,0.3552,0.3938,0.3605,15-Jul-16,02-Aug-16,1,3,0.0386,0.0053,86.26943005,0.0003,0.783289817
134,U24,U,michelle,MU24,0.3554,0.3809,0.0255,0.3553,0.3862,0.3592,06-Aug-16,09-Aug-16,,,0.0309,0.0039,87.37864078,0.0054,21.17647059
135,I63,I,michelle,MI63,0.3518,0.3961,0.0443,0.3554,0.3598,0.3575,27-Jul-16,02-Aug-16,,18,0.0044,0.0021,52.27272727,-0.0399,-90.06772009
136,I78,I,michelle,MI78,0.3578,0.4081,0.0503,0.3557,0.4096,0.3625,06-Aug-16,09-Aug-16,,,0.0539,0.0068,87.38404453,0.0036,7.157057654
137,I7,I,michelle,MI7,0.3558,0.3997,0.0439,0.3572,0.3862,0.3634,27-Jul-16,02-Aug-16,,18,0.029,0.0062,78.62068966,-0.0149,-33.94077449
138,U48,U,michelle,MU48,0.3556,0.3664,0.0108,0.3586,0.3651,0.3605,06-Aug-16,09-Aug-16,,,0.0065,0.0019,70.76923077,-0.0043,-39.81481481
139,I57,I,michelle,MI57,0.3528,0.3845,0.0317,0.3652,0.72,0.3668,27-Jul-16,02-Aug-16,,18,0.3548,0.0016,99.54904171,0.3231,1019.242902
140,I12,I,michelle,MI12,0.3557,0.3999,0.0442,0.3654,0.4151,0.3716,15-Jul-16,02-Aug-16,4,3,0.0497,0.0062,87.52515091,0.0055,12.44343891
141,U56,U,michelle,MU56,0.3557,0.364,0.0083,0.3679,0.3791,0.3691,15-Jul-16,02-Aug-16,,3,0.0112,0.0012,89.28571429,0.0029,34.93975904
142,I100,I,michelle,MI100,0.3556,0.4092,0.0536,,,,,,,,0,0,,-0.0536,-100
143,I108,I,michelle,MI108,0.3566,0.4219,0.0653,0.3503,0.4004,0.355,,,,,0.0501,0.0047,90.61876248,-0.0152,-23.27718224
144,I112,I,michelle,MI112,0.3553,0.361,0.0057,0.3369,0.3419,0.3379,,,,,0.005,0.001,80,-0.0007,-12.28070175
145,I118,I,michelle,MI118,0.3562,0.3683,0.0121,0.3026,0.3108,0.3034,,,,,0.0082,0.0008,90.24390244,-0.0039,-32.23140496
146,I119,I,michelle,MI119,0.3557,0.3712,0.0155,,,,,,,,0,0,,-0.0155,-100
147,I120,I,michelle,MI120,0.3555,0.3635,0.008,,,,,,,,0,0,,-0.008,-100
148,I121,I,michelle,MI121,0.3555,0.3688,0.0133,0.3567,0.3713,0.3581,,,,,0.0146,0.0014,90.4109589,0.0013,9.77443609
149,I14,I,michelle,MI14,0.3558,0.4099,0.0541,0.3384,0.406,0.3447,,,,,0.0676,0.0063,90.68047337,0.0135,24.95378928
150,I22,I,michelle,MI22,0.3564,0.3824,0.026,,,,,,,,0,0,,-0.026,-100
151,I3,I,michelle,MI3,0.3217,0.3673,0.0456,0.3209,0.3519,0.324,,,,,0.031,0.0031,90,-0.0146,-32.01754386
152,I32,I,michelle,MI32,0.3565,0.3679,0.0114,0.6458,0.6509,0.3056,,,,,0.0051,-0.3402,6770.588235,-0.0063,-55.26315789
153,I33,I,michelle,MI33,0.3554,0.4007,0.0453,0.3184,0.3573,0.322,06-Aug-16,09-Aug-16,,,0.0389,0.0036,90.74550129,-0.0064,-14.12803532
154,I34,I,michelle,MI34,0.3548,0.4173,0.0625,0.3235,0.3803,0.3296,06-Aug-16,09-Aug-16,,,0.0568,0.0061,89.26056338,-0.0057,-9.12
155,I35,I,michelle,MI35,0.3567,0.4009,0.0442,0.3522,0.3959,,,,,,0.0437,-0.3522,905.9496568,-0.0005,-1.131221719
156,I36,I,michelle,MI36,0.3563,0.407,0.0507,0.348,0.366,0.3508,,,,,0.018,0.0028,84.44444444,-0.0327,-64.49704142
157,I39,I,michelle,MI39,0.3558,0.3687,0.0129,,,0.3226,06-Aug-16,09-Aug-16,,,0,0.3226,,-0.0129,-100
158,I49,I,michelle,MI49,0.3512,0.3617,0.0105,,,,,,,,0,0,,-0.0105,-100
159,I51,I,michelle,MI51,0.3513,0.413,0.0617,0.3352,0.3552,0.3451,06-Aug-16,09-Aug-16,,,0.02,0.0099,50.5,-0.0417,-67.58508914
160,I52,I,michelle,MI52,0.3543,0.3646,0.0103,0.3328,0.3361,0.3332,,,,,0.0033,0.0004,87.87878788,-0.007,-67.96116505
161,I55,I,michelle,MI55,0.3528,0.3638,0.011,0.3406,0.342,0.3409,06-Aug-16,09-Aug-16,,,0.0014,0.0003,78.57142857,-0.0096,-87.27272727
162,I58,I,michelle,MI58,0.3518,0.3588,0.007,0.3459,0.3468,0.346,,,,,0.0009,1E-04,88.88888889,-0.0061,-87.14285714
163,I59,I,michelle,MI59,0.3513,0.3864,0.0351,0.2804,0.2875,0.2816,,,2,,0.0071,0.0012,83.09859155,-0.028,-79.77207977
164,I62,I,michelle,MI62,0.3519,0.4043,0.0524,0.3324,0.3662,0.3353,06-Aug-16,09-Aug-16,,,0.0338,0.0029,91.42011834,-0.0186,-35.49618321
165,I64,I,michelle,MI64,0.3524,0.3891,0.0367,0.3506,0.3739,0.3529,06-Aug-16,09-Aug-16,,,0.0233,0.0023,90.12875536,-0.0134,-36.51226158
166,I67,I,michelle,MI67,0.3563,0.4012,0.0449,,,,,,,,0,0,,-0.0449,-100
167,I69,I,michelle,MI69,0.3558,0.4084,0.0526,0.3204,0.3782,0.3269,06-Aug-16,09-Aug-16,,,0.0578,0.0065,88.75432526,0.0052,9.885931559
168,I70,I,michelle,MI70,0.3568,0.396,0.0392,,,,,,,,0,0,,-0.0392,-100
169,I72,I,michelle,MI72,0.3559,0.3938,0.0379,0.3443,0.3732,0.3472,,,,,0.0289,0.0029,89.96539792,-0.009,-23.74670185
170,I74,I,michelle,MI74,0.3558,0.4058,0.05,0.3476,0.3933,0.3524,06-Aug-16,09-Aug-16,,,0.0457,0.0048,89.49671772,-0.0043,-8.6
171,I75,I,michelle,MI75,0.3576,0.396,0.0384,0.3066,0.3471,0.3101,,,,,0.0405,0.0035,91.35802469,0.0021,5.46875
172,I76,I,michelle,MI76,0.361,0.3899,0.0289,0.3529,0.376,0.3559,06-Aug-16,09-Aug-16,,,0.0231,0.003,87.01298701,-0.0058,-20.06920415
173,I80,I,michelle,MI80,0.3573,0.3909,0.0336,0.3395,0.3585,0.3415,,,,,0.019,0.002,89.47368421,-0.0146,-43.45238095
174,I81,I,michelle,MI81,0.3566,0.3928,0.0362,,,,,,,,0,0,,-0.0362,-100
175,I82,I,michelle,MI82,0.3564,0.3952,0.0388,0.2652,0.2993,0.2691,,,,,0.0341,0.0039,88.56304985,-0.0047,-12.11340206
176,I84,I,michelle,MI84,0.3558,0.4035,0.0477,0.3395,0.3605,0.3413,06-Aug-16,09-Aug-16,,,0.021,0.0018,91.42857143,-0.0267,-55.97484277
177,I85,I,michelle,MI85,0.3555,0.3888,0.0333,,,,,,,,0,0,,-0.0333,-100
178,I86,I,michelle,MI86,0.3554,0.3884,0.033,0.3489,0.3574,0.3509,,,,,0.0085,0.002,76.47058824,-0.0245,-74.24242424
179,I93,I,michelle,MI93,0.3555,0.362,0.0065,0.3432,0.3455,0.3437,,,,,0.0023,0.0005,78.26086957,-0.0042,-64.61538462
180,I94_R,I,michelle,MI94_R,,,,,,0.3367,,,,,0,0.3367,,0,
181,I95_R,I,michelle,MI95_R,,,,,,0.3567,,,,,0,0.3567,,0,
182,I98,I,michelle,MI98,0.3557,0.3644,0.0087,0.3197,0.3286,0.321,06-Aug-16,09-Aug-16,,,0.0089,0.0013,85.39325843,0.0002,2.298850575
183,I99,I,michelle,MI99,0.3556,0.362,0.0064,0.3563,0.3371,,,,,,-0.0192,-0.3563,-1755.729167,-0.0256,-400
184,U102,U,michelle,MU102,0.3554,0.3823,0.0269,0.3151,0.3362,0.3195,,,,,0.0211,0.0044,79.14691943,-0.0058,-21.56133829
185,U103,U,michelle,MU103,0.3552,0.3779,0.0227,0.3434,0.3629,0.3453,06-Aug-16,09-Aug-16,,,0.0195,0.0019,90.25641026,-0.0032,-14.0969163
186,U104,U,michelle,MU104,0.355,0.422,0.067,,,0.4084,06-Aug-16,09-Aug-16,,,0,0.4084,,-0.067,-100
187,U105,U,michelle,MU105,0.3549,0.3882,0.0333,0.3629,0.3852,0.3653,,,,,0.0223,0.0024,89.23766816,-0.011,-33.03303303
188,U107,U,michelle,MU107,0.3572,0.3795,0.0223,,,0.3892,06-Aug-16,09-Aug-16,,,0,0.3892,,-0.0223,-100
189,U108,U,michelle,MU108,0.3568,0.3884,0.0316,,,,,,,,0,0,,-0.0316,-100
190,U109,U,michelle,MU109,0.3555,0.3729,0.0174,0.3145,0.3203,0.3059,,,,,0.0058,-0.0086,248.2758621,-0.0116,-66.66666667
191,U111,U,michelle,MU111,0.357,0.3816,0.0246,,,,,,,,0,0,,-0.0246,-100
192,U112,U,michelle,MU112,0.3566,0.3828,0.0262,0.3505,0.3591,0.3165,,,,,0.0086,-0.034,495.3488372,-0.0176,-67.17557252
193,U112_R,U,michelle,MU112_R,,,,,,0.3519,,,,,0,0.3519,,0,
194,U114,U,michelle,MU114,0.3554,0.3855,0.0301,,,0.3446,06-Aug-16,09-Aug-16,,,0,0.3446,,-0.0301,-100
195,U117,U,michelle,MU117,0.3578,0.3839,0.0261,,,0.4097,06-Aug-16,09-Aug-16,,,0,0.4097,,-0.0261,-100
196,U12,U,michelle,MU12,0.3558,0.378,0.0222,0.3525,0.3574,0.3535,,,,,0.0049,0.001,79.59183673,-0.0173,-77.92792793
197,U120,U,michelle,MU120,0.3556,0.3765,0.0209,0.3147,0.3348,0.3183,,,,,0.0201,0.0036,82.08955224,-0.0008,-3.827751196
198,U121,U,michelle,MU121,0.3556,0.3784,0.0228,,,,,,,,0,0,,-0.0228,-100
199,U122,U,michelle,MU122,0.3558,0.375,0.0192,0.3133,0.3373,,,,,,0.024,-0.3133,1405.416667,0.0048,25
200,U14,U,michelle,MU14,0.3555,0.4071,0.0516,0.3119,0.3651,0.318,,,,,0.0532,0.0061,88.53383459,0.0016,3.100775194
201,U15,U,michelle,MU15,0.3554,0.3876,0.0322,,,0.3627,06-Aug-16,09-Aug-16,,,0,0.3627,,-0.0322,-100
202,U16,U,michelle,MU16,0.3555,0.375,0.0195,0.295,0.3242,0.2984,06-Aug-16,09-Aug-16,,,0.0292,0.0034,88.35616438,0.0097,49.74358974
203,U17,U,michelle,MU17,0.3555,0.3775,0.022,,,0.3619,06-Aug-16,09-Aug-16,,,0,0.3619,,-0.022,-100
204,U19,U,michelle,MU19,0.3552,0.375,0.0198,0.3393,0.3574,0.3418,06-Aug-16,09-Aug-16,,,0.0181,0.0025,86.1878453,-0.0017,-8.585858586
205,U20,U,michelle,MU20,0.3556,0.3809,0.0253,0.3409,0.3486,0.3418,,,,,0.0077,0.0009,88.31168831,-0.0176,-69.56521739
206,U21,U,michelle,MU21,0.3552,0.3732,0.018,0.2533,0.2618,0.2541,,,,,0.0085,0.0008,90.58823529,-0.0095,-52.77777778
207,U22,U,michelle,MU22,0.3552,0.3794,0.0242,,,,,,,,0,0,,-0.0242,-100
208,U25,U,michelle,MU25,0.3554,0.4184,0.063,,,,,,,,0,0,,-0.063,-100
209,U28,U,michelle,MU28,0.3558,0.3877,0.0319,0.304,0.3151,0.3051,,,,,0.0111,0.0011,90.09009009,-0.0208,-65.20376176
210,U3,U,michelle,MU3,0.3553,0.4093,0.054,,,,,,,,0,0,,-0.054,-100
211,U32,U,michelle,MU32,0.3557,0.3769,0.0212,0.3424,0.3615,0.3446,,,,,0.0191,0.0022,88.48167539,-0.0021,-9.905660377
212,U34,U,michelle,MU34,0.3559,0.3801,0.0242,,,,,,,,0,0,,-0.0242,-100
213,U35,U,michelle,MU35,0.3558,0.3791,0.0233,,,0.3279,06-Aug-16,09-Aug-16,,,0,0.3279,,-0.0233,-100
214,U36,U,michelle,MU36,0.3562,0.4286,0.0724,0.3414,0.3497,0.3536,06-Aug-16,09-Aug-16,,,0.0083,0.0122,-46.98795181,-0.0641,-88.5359116
215,U38,U,michelle,MU38,0.3561,0.3791,0.023,,,0.3722,06-Aug-16,09-Aug-16,,,0,0.3722,,-0.023,-100
216,U40,U,michelle,MU40,0.3559,0.4203,0.0644,0.3496,0.4094,0.3567,,,,,0.0598,0.0071,88.1270903,-0.0046,-7.142857143
217,U41,U,michelle,MU41,0.3559,0.432,0.0761,0.3374,0.3521,,,,,,0.0147,-0.3374,2395.238095,-0.0614,-80.68331143
218,U45,U,michelle,MU45,0.356,0.3726,0.0166,0.3321,0.3375,0.333,,,,,0.0054,0.0009,83.33333333,-0.0112,-67.46987952
219,U46,U,michelle,MU46,0.3558,0.3654,0.0096,,,0.3393,,,,,0,0.3393,,-0.0096,-100
220,U49,U,michelle,MU49,0.3556,0.3706,0.015,0.2533,0.2618,0.3031,,,,,0.0085,0.0498,-485.8823529,-0.0065,-43.33333333
221,U52,U,michelle,MU52,0.3561,0.3632,0.0071,0.3489,0.3568,0.349,06-Aug-16,09-Aug-16,,,0.0079,1E-04,98.73417722,0.0008,11.26760563
222,U55,U,michelle,MU55,0.3559,0.3666,0.0107,0.3201,0.3491,0.337,,,,,0.029,0.0169,41.72413793,0.0183,171.0280374
223,U57,U,michelle,MU57,0.3556,0.3662,0.0106,,,0.3489,06-Aug-16,09-Aug-16,,,0,0.3489,,-0.0106,-100
224,U59,U,michelle,MU59,0.3558,0.367,0.0112,,,0.315,,,,,0,0.315,,-0.0112,-100
225,U6,U,michelle,MU6,0.356,0.3801,0.0241,,,0.3633,06-Aug-16,09-Aug-16,,,0,0.3633,,-0.0241,-100
226,U60,U,michelle,MU60,0.3558,0.3684,0.0126,,,0.3705,06-Aug-16,09-Aug-16,,,0,0.3705,,-0.0126,-100
227,U61,U,michelle,MU61,0.3562,0.4205,0.0643,,,0.3576,06-Aug-16,09-Aug-16,,,0,0.3576,,-0.0643,-100
228,U63,U,michelle,MU63,0.356,0.412,0.056,,,0.312,06-Aug-16,09-Aug-16,,,0,0.312,,-0.056,-100
229,U64,U,michelle,MU64,0.3561,0.4282,0.0721,0.3089,0.333,0.3281,,,,,0.0241,0.0192,20.33195021,-0.048,-66.5742025
230,U66,U,michelle,MU66,0.3559,0.4231,0.0672,0.3411,0.356,0.3431,,,,,0.0149,0.002,86.57718121,-0.0523,-77.82738095
231,U67,U,michelle,MU67,0.3559,0.4247,0.0688,0.347,0.4187,0.3556,,,,,0.0717,0.0086,88.0055788,0.0029,4.215116279
232,U68,U,michelle,MU68,0.3564,0.4181,0.0617,0.338,0.4055,0.3468,06-Aug-16,09-Aug-16,,,0.0675,0.0088,86.96296296,0.0058,9.400324149
233,U70,U,michelle,MU70,0.356,0.4194,0.0634,,,0.4271,06-Aug-16,09-Aug-16,,,0,0.4271,,-0.0634,-100
234,U71,U,michelle,MU71,0.356,0.3847,0.0287,,,0.2989,06-Aug-16,09-Aug-16,,,0,0.2989,,-0.0287,-100
235,U73,U,michelle,MU73,0.3572,0.3842,0.027,,,0.3876,06-Aug-16,09-Aug-16,,,0,0.3876,,-0.027,-100
236,U74,U,michelle,MU74,0.3576,0.4252,0.0676,0.3495,0.3672,0.265,,,,,0.0177,-0.0845,577.4011299,-0.0499,-73.81656805
237,U77,U,michelle,MU77,0.3555,0.3806,0.0251,,,0.3506,,,,,0,0.3506,,-0.0251,-100
238,U8,U,michelle,MU8,0.3561,0.3786,0.0225,,,,,,,,0,0,,-0.0225,-100
239,U80,U,michelle,MU80,0.3571,0.3857,0.0286,0.3445,0.3785,0.3483,06-Aug-16,09-Aug-16,,,0.034,0.0038,88.82352941,0.0054,18.88111888
240,U81,U,michelle,MU81,0.3575,0.4317,0.0742,0.3442,0.3963,0.3498,,,,,0.0521,0.0056,89.25143954,-0.0221,-29.78436658
241,U82,U,michelle,MU82,0.356,0.3861,0.0301,0.3027,0.3047,0.3651,,,,,0.002,0.0624,-3020,-0.0281,-93.35548173
242,U83,U,michelle,MU83,0.3602,0.3889,0.0287,0.3381,0.3651,0.3411,,,,,0.027,0.003,88.88888889,-0.0017,-5.923344948
243,U85,U,michelle,MU85,0.3557,0.4216,0.0659,,,0.3361,06-Aug-16,09-Aug-16,,,0,0.3361,,-0.0659,-100
244,U87,U,michelle,MU87,0.3634,0.3941,0.0307,0.32,0.3331,0.3217,,,,,0.0131,0.0017,87.02290076,-0.0176,-57.32899023
245,U89,U,michelle,MU89,0.3691,0.388,0.0189,0.3418,0.3508,0.341,,,,,0.009,-0.0008,108.8888889,-0.0099,-52.38095238
246,U9,U,michelle,MU9,0.3558,0.39,0.0342,0.3276,0.3637,0.3321,,,,,0.0361,0.0045,87.53462604,0.0019,5.555555556
247,U91,U,michelle,MU91,0.3557,0.3782,0.0225,0.3397,0.3512,0.3412,,,,,0.0115,0.0015,86.95652174,-0.011,-48.88888889
248,U92,U,michelle,MU92,0.3561,0.4311,0.075,,,,,,,,0,0,,-0.075,-100
249,U93,U,michelle,MU93,0.3559,0.3826,0.0267,0.3422,0.3667,0.3442,06-Aug-16,09-Aug-16,,,0.0245,0.002,91.83673469,-0.0022,-8.239700375
250,U96,U,michelle,MU96,0.3559,0.3765,0.0206,0.3401,0.3539,0.3416,,,,,0.0138,0.0015,89.13043478,-0.0068,-33.00970874
251,U99,U,michelle,MU99,0.3563,0.3873,0.031,,,,,,,,0,0,,-0.031,-100
252,I1,I,jerome,JI1,,,0.0381,,,,,,,,,,,,
253,I2,I,jerome,JI2,,,0.0423,,,,,,,,,,,,
254,I3,I,jerome,JI3,,,0.048,,,,,,,,,,,,
255,I4,I,jerome,JI4,,,0.0576,,,,,,,,,,,,
256,I5,I,jerome,JI5,,,0.0427,,,,,,,,,,,,
257,I6,I,jerome,JI6,,,0.0303,,,,,,,,,,,,
258,I7,I,jerome,JI7,,,0.0307,,,,,,,,,,,,
259,I8,I,jerome,JI8,,,0.0357,,,,,,,,,,,,
260,I9,I,jerome,JI9,,,0.0476,,,,,,,,,,,,
261,I10,I,jerome,JI10,,,0.0128,,,,,,,,,,,,
262,I11,I,jerome,JI11,,,0.04,,,,,,,,,,,,
263,I12,I,jerome,JI12,,,0.0376,,,,,,,,,,,,
264,I13,I,jerome,JI13,,,0.0194,,,,,,,,,,,,
265,I14,I,jerome,JI14,,,0.0365,,,,,,,,,,,,
266,I15,I,jerome,JI15,,,0.0352,,,,,,,,,,,,
267,I16,I,jerome,JI16,,,0.0374,,,,,,,,,,,,
268,I17,I,jerome,JI17,,,0.0313,,,,,,,,,,,,
269,I18,I,jerome,JI18,,,0.033,,,,,,,,,,,,
270,I19,I,jerome,JI19,,,0.0415,,,,,,,,,,,,
271,I20,I,jerome,JI20,,,0.0394,,,,,,,,,,,,
272,I21,I,jerome,JI21,,,0.0488,,,,,,,,,,,,
273,I22,I,jerome,JI22,,,0.0341,,,,,,,,,,,,
274,I23,I,jerome,JI23,,,0.0336,,,,,,,,,,,,
275,I24,I,jerome,JI24,,,0.0422,,,,,,,,,,,,
276,I25,I,jerome,JI25,,,0.0215,,,,,,,,,,,,
277,I26,I,jerome,JI26,,,0.0305,,,,,,,,,,,,
278,I27,I,jerome,JI27,,,0.0184,,,,,,,,,,,,
279,I28,I,jerome,JI28,,,0.0115,,,,,,,,,,,,
280,I29,I,jerome,JI29,,,0.0554,,,,,,,,,,,,
281,I30,I,jerome,JI30,,,0.0562,,,,,,,,,,,,
282,I31,I,jerome,JI31,,,0.0395,,,,,,,,,,,,
283,I32,I,jerome,JI32,,,0.0359,,,,,,,,,,,,
284,I33,I,jerome,JI33,,,0.0129,,,,,,,,,,,,
285,I34,I,jerome,JI34,,,0.0512,,,,,,,,,,,,
286,I35,I,jerome,JI35,,,0.0143,,,,,,,,,,,,
287,I36,I,jerome,JI36,,,0.0419,,,,,,,,,,,,
288,I37,I,jerome,JI37,,,0.0188,,,,,,,,,,,,
289,I38,I,jerome,JI38,,,0.0327,,,,,,,,,,,,
290,I39,I,jerome,JI39,,,0.0379,,,,,,,,,,,,
291,I40,I,jerome,JI40,,,0.0476,,,,,,,,,,,,
292,I41,I,jerome,JI41,,,0.0088,,,,,,,,,,,,
293,I42,I,jerome,JI42,,,0.032,,,,,,,,,,,,
294,I43,I,jerome,JI43,,,0.0437,,,,,,,,,,,,
295,I44,I,jerome,JI44,,,0.0446,,,,,,,,,,,,
296,I45,I,jerome,JI45,,,0.0523,,,,,,,,,,,,
297,I46,I,jerome,JI46,,,0.0345,,,,,,,,,,,,
298,I47,I,jerome,JI47,,,0.0376,,,,,,,,,,,,
299,I48,I,jerome,JI48,,,0.0377,,,,,,,,,,,,
300,I49,I,jerome,JI49,,,0.0268,,,,,,,,,,,,
301,I50,I,jerome,JI50,,,0.0454,,,,,,,,,,,,
302,I51,I,jerome,JI51,,,0.0394,,,,,,,,,,,,
303,I52,I,jerome,JI52,,,0.0318,,,,,,,,,,,,
304,I53,I,jerome,JI53,,,0.0201,,,,,,,,,,,,
305,I54,I,jerome,JI54,,,0.0463,,,,,,,,,,,,
306,I55,I,jerome,JI55,,,0.0475,,,,,,,,,,,,
307,I56,I,jerome,JI56,,,0.0244,,,,,,,,,,,,
308,I57,I,jerome,JI57,,,0.06,,,,,,,,,,,,
309,I58,I,jerome,JI58,,,0.038,,,,,,,,,,,,
310,I59,I,jerome,JI59,,,0.0146,,,,,,,,,,,,
311,I60,I,jerome,JI60,,,0.0385,,,,,,,,,,,,
312,I61,I,jerome,JI61,,,0.0277,,,,,,,,,,,,
313,I62,I,jerome,JI62,,,0.0237,,,,,,,,,,,,
314,I63,I,jerome,JI63,,,0.0208,,,,,,,,,,,,
315,I64,I,jerome,JI64,,,0.0487,,,,,,,,,,,,
316,I65,I,jerome,JI65,,,0.0473,,,,,,,,,,,,
317,I66,I,jerome,JI66,,,0.0406,,,,,,,,,,,,
318,I67,I,jerome,JI67,,,0.0479,,,,,,,,,,,,
319,I68,I,jerome,JI68,,,0.028,,,,,,,,,,,,
320,I69,I,jerome,JI69,,,0.0392,,,,,,,,,,,,
321,I70,I,jerome,JI70,,,0.0136,,,,,,,,,,,,
322,I71,I,jerome,JI71,,,0.0141,,,,,,,,,,,,
323,I72,I,jerome,JI72,,,0.0212,,,,,,,,,,,,
324,I73,I,jerome,JI73,,,0.0101,,,,,,,,,,,,
325,I74,I,jerome,JI74,,,0.0284,,,,,,,,,,,,
326,I75,I,jerome,JI75,,,0.006,,,,,,,,,,,,
327,U76,U,jerome,JU76,,,0.0608,,,,,,,,,,,,
328,U77,U,jerome,JU77,,,0.0382,,,,,,,,,,,,
329,U78,U,jerome,JU78,,,0.0413,,,,,,,,,,,,
330,U79,U,jerome,JU79,,,0.0151,,,,,,,,,,,,
331,U80,U,jerome,JU80,,,0.0568,,,,,,,,,,,,
332,U81,U,jerome,JU81,,,0.0227,,,,,,,,,,,,
333,U82,U,jerome,JU82,,,0.0562,,,,,,,,,,,,
334,U83,U,jerome,JU83,,,0.0134,,,,,,,,,,,,
335,U84,U,jerome,JU84,,,0.0054,,,,,,,,,,,,
336,U85,U,jerome,JU85,,,0.0321,,,,,,,,,,,,
337,U86,U,jerome,JU86,,,0.0594,,,,,,,,,,,,
338,U87,U,jerome,JU87,,,0.0513,,,,,,,,,,,,
339,U88,U,jerome,JU88,,,0.023,,,,,,,,,,,,
340,U89,U,jerome,JU89,,,0.017,,,,,,,,,,,,
341,U90,U,jerome,JU90,,,0.0327,,,,,,,,,,,,
342,U91,U,jerome,JU91,,,0.0133,,,,,,,,,,,,
343,U92,U,jerome,JU92,,,0.0358,,,,,,,,,,,,
344,U93,U,jerome,JU93,,,0.0443,,,,,,,,,,,,
345,U94,U,jerome,JU94,,,0.0451,,,,,,,,,,,,
346,U95,U,jerome,JU95,,,0.0458,,,,,,,,,,,,
347,U96,U,jerome,JU96,,,0.0505,,,,,,,,,,,,
348,U97,U,jerome,JU97,,,0.0151,,,,,,,,,,,,
349,U98,U,jerome,JU98,,,0.0608,,,,,,,,,,,,
350,U99,U,jerome,JU99,,,0.0223,,,,,,,,,,,,
351,U100,U,jerome,JU100,,,0.0241,,,,,,,,,,,,
352,U101,U,jerome,JU101,,,0.0424,,,,,,,,,,,,
353,U102,U,jerome,JU102,,,0.0439,,,,,,,,,,,,
354,U103,U,jerome,JU103,,,0.0567,,,,,,,,,,,,
355,U104,U,jerome,JU104,,,0.0271,,,,,,,,,,,,
356,U105,U,jerome,JU105,,,0.0499,,,,,,,,,,,,
357,U106,U,jerome,JU106,,,0.0496,,,,,,,,,,,,
358,U107,U,jerome,JU107,,,0.047,,,,,,,,,,,,
359,U108,U,jerome,JU108,,,0.0575,,,,,,,,,,,,
360,U109,U,jerome,JU109,,,0.0222,,,,,,,,,,,,
361,U110,U,jerome,JU110,,,0.053,,,,,,,,,,,,
362,U111,U,jerome,JU111,,,0.0547,,,,,,,,,,,,
363,U112,U,jerome,JU112,,,0.0517,,,,,,,,,,,,
364,U113,U,jerome,JU113,,,0.051,,,,,,,,,,,,
365,U114,U,jerome,JU114,,,0.0422,,,,,,,,,,,,
366,U115,U,jerome,JU115,,,0.0529,,,,,,,,,,,,
367,U116,U,jerome,JU116,,,0.0494,,,,,,,,,,,,
368,U117,U,jerome,JU117,,,0.0326,,,,,,,,,,,,
369,U118,U,jerome,JU118,,,0.0467,,,,,,,,,,,,
370,U119,U,jerome,JU119,,,0.0435,,,,,,,,,,,,
371,U120,U,jerome,JU120,,,0.0516,,,,,,,,,,,,
372,U121,U,jerome,JU121,,,0.0494,,,,,,,,,,,,
373,U122,U,jerome,JU122,,,0.0316,,,,,,,,,,,,
374,U123,U,jerome,JU123,,,0.0541,,,,,,,,,,,,
375,U124,U,jerome,JU124,,,0.0544,,,,,,,,,,,,
376,U125,U,jerome,JU125,,,0.0564,,,,,,,,,,,,
377,U126,U,jerome,JU126,,,0.0538,,,,,,,,,,,,
378,U127,U,jerome,JU127,,,0.0418,,,,,,,,,,,,
379,U128,U,jerome,JU128,,,0.0448,,,,,,,,,,,,
380,U129,U,jerome,JU129,,,0.0472,,,,,,,,,,,,
381,U130,U,jerome,JU130,,,0.0526,,,,,,,,,,,,
382,U131,U,jerome,JU131,,,0.045,,,,,,,,,,,,
383,U132,U,jerome,JU132,,,0.0574,,,,,,,,,,,,
384,U133,U,jerome,JU133,,,0.026,,,,,,,,,,,,
385,U134,U,jerome,JU134,,,0.0508,,,,,,,,,,,,
386,U135,U,jerome,JU135,,,0.0148,,,,,,,,,,,,
387,U136,U,jerome,JU136,,,0.0467,,,,,,,,,,,,
388,U137,U,jerome,JU137,,,0.05,,,,,,,,,,,,
389,U138,U,jerome,JU138,,,0.0523,,,,,,,,,,,,
390,U139,U,jerome,JU139,,,0.0386,,,,,,,,,,,,
391,U140,U,jerome,JU140,,,0.0472,,,,,,,,,,,,
392,U141,U,jerome,JU141,,,0.0301,,,,,,,,,,,,
393,U142,U,jerome,JU142,,,0.0232,,,,,,,,,,,,
394,U143,U,jerome,JU143,,,0.0571,,,,,,,,,,,,
395,U144,U,jerome,JU144,,,0.0512,,,,,,,,,,,,
396,U145,U,jerome,JU145,,,0.0395,,,,,,,,,,,,
397,U146,U,jerome,JU146,,,0.0462,,,,,,,,,,,,
398,U147,U,jerome,JU147,,,0.0445,,,,,,,,,,,,
399,U148,U,jerome,JU148,,,0.028,,,,,,,,,,,,
400,U149,U,jerome,JU149,,,0.0181,,,,,,,,,,,,
401,U150,U,jerome,JU150,,,0.0242,,,,,,,,,,,,
